{
    "motor_arm_length": 0.03799999999999999,
    "rod_length": 0.09000029999999995,
    "head_z_offset": 0.177,
    "motors": [
        {
            "name": "1",
            "branch_frame": "closing_1_2",
            "offset": 0,
            "solution": 0,
            "T_motor_world": [
                [
                    0.8660247915798892,
                    -0.5000010603626024,
                    2.2980696749787093e-06,
                    -0.010249870803819337
                ],
                [
                    -8.169833472480465e-07,
                    3.181076937306543e-06,
                    0.999999999994606,
                    -0.07095015644698092
                ],
                [
                    -0.5000010603672165,
                    -0.8660247915770963,
                    2.3463989512861495e-06,
                    0.03491131119632033
                ],
                [
                    0.0,
                    0.0,
                    0.0,
                    1.0
                ]
            ],
            "branch_position": [
                0.029923302914194896,
                0.0249723116230494,
                -0.0012000917284306634
            ],
            "limits": [
                -1.39626,
                1.39626
            ]
        },
        {
            "name": "2",
            "branch_frame": "closing_2_2",
            "offset": 0,
            "solution": 1,
            "T_motor_world": [
                [
                    -0.8660284647694133,
                    0.4999946981757419,
                    -2.298079422430893e-06,
                    -0.01024979830729949
                ],
                [
                    8.170067173757841e-07,
                    -3.1810904294669822e-06,
                    -0.9999999999946061,
                    0.07095015644692688
                ],
                [
                    -0.49999469818035597,
                    -0.8660284647666201,
                    2.346415833955053e-06,
                    0.03491129648463168
                ],
                [
                    0.0,
                    0.0,
                    0.0,
                    1.0
                ]
            ],
            "branch_position": [
                0.018664936330971712,
                0.03147236950257582,
                -0.0012001156044763872
            ],
            "limits": [
                -1.39626,
                1.39626
            ]
        },
        {
            "name": "3",
            "branch_frame": "closing_3_2",
            "offset": 0,
            "solution": 0,
            "T_motor_world": [
                [
                    -3.6732051028920366e-06,
                    0.9999999999932537,
                    -5.550981191998246e-17,
                    -0.010249999999999974
                ],
                [
                    -6.32679489691732e-06,
                    -2.323955979305758e-11,
                    0.9999999999799852,
                    -0.0709501564463867
                ],
                [
                    0.9999999999732392,
                    3.6732051032496763e-06,
                    6.326794896960002e-06,
                    0.034911149429116516
                ],
                [
                    0.0,
                    0.0,
                    0.0,
                    1.0
                ]
            ],
            "branch_position": [
                -0.02458835044705289,
                0.0065000597966325315,
                -0.0012000238760609128
            ],
            "limits": [
                -1.39626,
                1.39626
            ]
        },
        {
            "name": "4",
            "branch_frame": "closing_4_2",
            "offset": 0,
            "solution": 1,
            "T_motor_world": [
                [
                    6.3267948965194915e-06,
                    -0.9999999999799852,
                    7.045760515816813e-12,
                    -0.010249886979833239
                ],
                [
                    6.326794896868612e-06,
                    3.2982573151899846e-11,
                    -0.9999999999799852,
                    0.07095015644648657
                ],
                [
                    0.9999999999599714,
                    6.3267948968685995e-06,
                    6.3267948965194915e-06,
                    0.03491117662826198
                ],
                [
                    0.0,
                    0.0,
                    0.0,
                    1.0
                ]
            ],
            "branch_position": [
                -0.024588312654416057,
                -0.006500000609238337,
                -0.0011999761241727191
            ],
            "limits": [
                -1.39626,
                1.39626
            ]
        },
        {
            "name": "5",
            "branch_frame": "closing_5_2",
            "offset": 0,
            "solution": 0,
            "T_motor_world": [
                [
                    -0.8660211183436267,
                    -0.5000074225224783,
                    -2.2980696739062076e-06,
                    -0.01025011120207279
                ],
                [
                    -8.169599766242217e-07,
                    -3.181082938921205e-06,
                    0.9999999999946059,
                    -0.07095015644665029
                ],
                [
                    -0.5000074225270917,
                    0.8660211183408332,
                    2.346398951648971e-06,
                    0.03491122118425945
                ],
                [
                    0.0,
                    0.0,
                    0.0,
                    1.0
                ]
            ],
            "branch_position": [
                0.018664989140337103,
                -0.0314722975004655,
                -0.001199884395804346
            ],
            "limits": [
                -1.39626,
                1.39626
            ]
        },
        {
            "name": "6",
            "branch_frame": "passive_7_link_y",
            "offset": 0,
            "solution": 1,
            "T_motor_world": [
                [
                    0.8660247915798897,
                    0.5000010603626028,
                    2.2980794226529372e-06,
                    -0.010250183698700644
                ],
                [
                    8.169833477585368e-07,
                    3.1810964318917192e-06,
                    -0.9999999999946063,
                    0.07095015644670434
                ],
                [
                    -0.5000010603672164,
                    0.8660247915770962,
                    2.346415834339648e-06,
                    0.0349112358954155
                ],
                [
                    0.0,
                    0.0,
                    0.0,
                    1.0
                ]
            ],
            "branch_position": [
                0.02992331793092344,
                -0.02497229497412101,
                -0.0011999082716467047
            ],
            "limits": [
                -1.39626,
                1.39626
            ]
        }
    ]
}