{
  "label": "baseline",
  "runs": 10,
  "successful": 10,
  "import": {
    "mean": 0.40589871400079575,
    "stdev": 0.008536439370946912,
    "values": [
      0.39937020400248,
      0.4016421620035544,
      0.4000270320029813,
      0.40035199600242777,
      0.40002794299653033,
      0.414515147000202,
      0.4008893790014554,
      0.4035513290000381,
      0.42324507299781544,
      0.41536687500047265
    ]
  },
  "connect": {
    "mean": 2.528348543598986,
    "stdev": 0.00953017610581441,
    "values": [
      2.538111376998131,
      2.5341850139957387,
      2.5331387189944508,
      2.5367604779967223,
      2.5340976849984145,
      2.519757080997806,
      2.5289281619989197,
      2.5321065910029574,
      2.510548460006248,
      2.515851869000471
    ]
  },
  "total": {
    "mean": 2.9342472575997816,
    "stdev": 0.0024345122037522753,
    "values": [
      2.937481581000611,
      2.935827175999293,
      2.933165750997432,
      2.93711247399915,
      2.934125627994945,
      2.934272227998008,
      2.929817541000375,
      2.9356579200029955,
      2.9337935330040636,
      2.931218744000944
    ]
  }
}