{
  "label": "opt-B: lazy cv2/scipy",
  "runs": 10,
  "successful": 10,
  "import": {
    "mean": 0.5216910221999569,
    "stdev": 0.016255373192622016,
    "values": [
      0.5039488619950134,
      0.5104846789981821,
      0.5129466549988138,
      0.5164275380011532,
      0.5557467899998301,
      0.5416864660001011,
      0.5167969390022336,
      0.526511265001318,
      0.5070682000005036,
      0.5252928280024207
    ]
  },
  "connect": {
    "mean": 0.3419551943006809,
    "stdev": 0.01946231876625898,
    "values": [
      0.3633166080035153,
      0.3502033879994997,
      0.34665817100176355,
      0.3575744179979665,
      0.30820448200393,
      0.30925554200075567,
      0.3520143029963947,
      0.3387223739991896,
      0.35801808300311677,
      0.3355845740006771
    ]
  },
  "total": {
    "mean": 0.8636462165006378,
    "stdev": 0.006199026074105068,
    "values": [
      0.8672654699985287,
      0.8606880669976817,
      0.8596048260005773,
      0.8740019559991197,
      0.8639512720037601,
      0.8509420080008567,
      0.8688112419986282,
      0.8652336390005075,
      0.8650862830036203,
      0.8608774020030978
    ]
  }
}