{
  "label": "opt-A: cache get_status + poll 0.1s",
  "runs": 10,
  "successful": 10,
  "import": {
    "mean": 0.5350329544009582,
    "stdev": 0.024221543689431378,
    "values": [
      0.5342223389961873,
      0.5294494170011603,
      0.5272238370016566,
      0.5475228250070359,
      0.5235963660015841,
      0.49160273100278573,
      0.56659921699611,
      0.5092143310030224,
      0.5658967690033023,
      0.5550017119967379
    ]
  },
  "connect": {
    "mean": 0.33129390729809527,
    "stdev": 0.030340518949291476,
    "values": [
      0.3355407409981126,
      0.3321776669981773,
      0.33228434199554613,
      0.3189021389989648,
      0.3338879820003058,
      0.392288645998633,
      0.2950342600015574,
      0.3674512329962454,
      0.29476303999399533,
      0.3106090229994152
    ]
  },
  "total": {
    "mean": 0.8663268616990536,
    "stdev": 0.008357609704327171,
    "values": [
      0.8697630799942999,
      0.8616270839993376,
      0.8595081789972028,
      0.8664249640060007,
      0.8574843480018899,
      0.8838913770014187,
      0.8616334769976675,
      0.8766655639992678,
      0.8606598089972977,
      0.865610734996153
    ]
  }
}